date,channels_with_views_and_engaged,channels_with_impressions,channels_with_watch_time,channels_with_studio_ctr,views_median,engaged_views_median,impressions_median,watch_time_hours_median,studio_ctr_median,views_index,engaged_views_index,impressions_index,watch_time_index,announced_date,measured_step
2025-09-03,13,13,13,13,16062,16062,211680,1849.584164,0.0449,0.817652,0.822306,0.931147,0.916402,,
2025-09-04,13,13,13,13,14988,14988,200716,1906.591943,0.0414,0.688075,0.724828,0.857524,0.724656,,
2025-09-05,13,13,13,13,12188,12188,167700,1909.563584,0.0425,0.829954,0.834678,0.847224,0.725785,,
2025-09-06,13,13,13,13,13824,13824,183050,2102.683874,0.0424,0.85881,0.887203,1.012784,0.821912,,
2025-09-07,13,13,13,13,21254,21254,251141,3308.151904,0.0451,1.683626,1.722107,2.167844,2.072863,,
2025-09-08,14,14,14,14,17675,17675,260360,2616.341194,0.04305,1.348944,1.386293,1.956376,1.528224,,
2025-09-09,14,14,14,14,19262.5,19262.5,283237,2729.14605,0.04725,1.334327,1.392564,1.578737,1.525501,,
2025-09-10,14,14,14,14,17002,17002,238387.5,2509.111404,0.0443,0.832603,0.950951,1.166128,0.969403,,
2025-09-11,14,14,14,14,12546.5,12546.5,177925.5,1973.313265,0.04005,0.795866,0.799786,0.983476,0.826858,,
2025-09-12,14,14,14,14,11145,11145,178015,1619.219425,0.04155,0.780687,0.784439,0.988473,0.772747,,
2025-09-13,14,14,14,14,10434.5,10434.5,158982.5,1563.418993,0.03945,0.801369,0.805233,0.946873,0.774185,,
2025-09-14,14,14,14,14,23968.5,23968.5,328930.5,3982.99395,0.04265,1.108469,1.168348,1.733297,1.267814,,
2025-09-15,14,14,14,14,24666.5,24666.5,340633.5,3645.921343,0.0465,1.357445,1.624317,1.653349,1.861806,,
2025-09-16,14,14,14,14,26041,26041,331869.5,3037.400849,0.04125,1.242139,1.352185,1.54166,1.486507,,
2025-09-17,14,14,14,14,17350,17350,212957,2146.070867,0.0428,1.007787,1.060852,1.182972,1.130446,,
2025-09-18,14,14,14,14,14987.5,14987.5,184179.5,1934.35979,0.0453,0.855495,0.879762,0.952061,1.017619,,
2025-09-19,14,14,14,14,13773.5,13773.5,187896.5,2003.455232,0.04465,0.996693,1.00156,0.913869,0.949082,,
2025-09-20,14,14,14,14,13131,13131,173883.5,2014.424682,0.0434,0.943105,0.962268,0.906342,0.88398,,
2025-09-21,14,14,14,14,13982.5,13982.5,173264.5,1903.672,0.0468,0.956017,1.019829,1.241691,1.13141,,
2025-09-22,14,14,14,14,14145,14145,162500,1925.953603,0.0468,1.353855,1.37158,1.538785,1.563351,,
2025-09-23,14,14,14,14,17506.5,17506.5,199733,2053.964863,0.04765,1.13356,1.232826,1.315287,1.287616,,
2025-09-24,14,14,14,14,12360,12360,136955.5,1549.835628,0.04605,0.938842,1.071508,1.143091,1.053081,,
2025-09-25,96,96,96,96,10514,10166,130628,1342.61025,0.0445,0.958375,0.97995,1.091756,0.991448,,
2025-09-26,96,96,96,96,12546.5,11699,138053.5,1543.7192,0.04585,0.960116,0.968337,1.022146,0.936356,,
2025-09-27,96,96,96,96,13600,12797,147513.5,1736.9687,0.04475,1.022005,1.015813,1.136432,0.988382,,
2025-09-28,96,96,96,96,16817.5,15842.5,171902,1812.7065,0.04735,1.271066,1.272959,1.324905,1.22532,,
2025-09-29,96,96,96,96,13028,12806,165835.5,1626.03615,0.0454,1.01848,1.038185,1.167827,1.050125,,
2025-09-30,96,96,96,96,14082,13903,150842,1679.7962,0.04475,1.039099,1.074381,1.259226,1.062635,,
2025-10-01,96,96,96,96,10109.5,9447,117331.5,1439.35685,0.0458,0.94318,0.95238,1.035509,0.916875,,
2025-10-02,96,96,96,96,10088.5,9921.5,105656.5,1388.16755,0.0463,0.910406,0.906893,0.968757,0.951499,,
2025-10-03,96,96,96,96,11428.5,10270,110643,1341.7337,0.0471,0.987872,1.03499,1.075647,0.964617,,
2025-10-04,96,96,96,96,10583.5,10454,128038.5,1340.7038,0.0469,0.993771,0.99371,1.048757,0.950988,,
2025-10-05,96,96,96,96,13468,13356.5,160165.5,1895.44055,0.0473,1.188495,1.190289,1.248823,1.205661,,
2025-10-06,96,96,96,96,12066,11869.5,146189,1970.5994,0.0463,0.974073,1.035871,1.123092,1.027983,,
2025-10-07,96,96,96,96,10765.5,10567,133406.5,1644.86245,0.0471,0.895461,0.914749,1.031464,0.970228,,
2025-10-08,96,96,96,96,11921.5,11664.5,141432.5,1630.25475,0.04715,0.949045,0.960005,1.075973,0.992323,,
2025-10-09,96,96,96,96,12354.5,11649,125463,1607.1183,0.0478,1.010404,1.001758,1.039102,1.001737,,
2025-10-10,96,96,96,96,12496.5,11863,128549.5,1485.90315,0.0468,0.985599,0.990072,1.044625,0.956849,,
2025-10-11,96,96,96,96,10821,10478.5,128105.5,1536.94025,0.0462,0.924293,0.982627,1.033915,0.986088,,
2025-10-12,96,96,96,96,14059.5,13842,154272.5,1993.98335,0.04825,1.116849,1.132772,1.28399,1.14681,,
2025-10-13,96,96,96,96,11660,11522.5,137472.5,1590.528,0.04635,1.074303,1.078878,1.134393,1.023965,,
2025-10-14,96,96,96,96,10811.5,10639,137309,1538.5803,0.04625,0.975763,0.964192,1.109922,0.96752,,
2025-10-15,96,96,96,96,9645,9579.5,116520.5,1378.51425,0.04605,0.984871,1.000606,1.055214,0.967577,,
2025-10-16,96,96,96,96,9954,9619.5,114405.5,1251.1113,0.0466,0.902947,0.920993,0.992047,0.906544,,
2025-10-17,96,96,96,96,11888.5,11243.5,130370,1540.03075,0.047,0.987844,0.948528,0.956188,0.93216,,
2025-10-18,96,96,96,96,10080.5,10057,114279.5,1681.5256,0.047,1.01246,1.029597,1.096446,0.978042,,
2025-10-19,96,96,96,96,14453.5,14341.5,143107,1920.39945,0.04695,1.119601,1.137025,1.199063,1.228858,,
2025-10-20,96,96,96,96,10764,10661,125359.5,1593.51715,0.046,0.895601,0.970831,1.064489,1.05733,,
2025-10-21,96,96,96,96,10434.5,9674,115194,1415.844,0.04595,0.895003,0.921966,1.016682,0.967109,,
2025-10-22,96,96,96,96,9267,9063,108992.5,1324.9572,0.0464,0.876381,0.900891,1.009069,0.999138,,
2025-10-23,96,96,96,96,9495.5,9261,112867.5,1344.85135,0.04595,0.850241,0.903027,0.975237,0.984908,,
2025-10-24,96,96,96,96,9801,9711,118251,1509.7079,0.04575,1.015153,0.936257,1.041758,0.891083,,
2025-10-25,96,96,96,96,10149.5,9643,119265,1498.04095,0.0463,1.041828,1.005704,1.043179,1.073178,,
2025-10-26,96,96,96,96,13419,13357.5,161863.5,1897.79465,0.04595,1.049648,1.175017,1.199385,1.316504,,
2025-10-27,96,96,96,96,10729,10700,129852,1507.8913,0.0451,1.030131,1.006225,1.109699,1.080938,,
2025-10-28,96,96,96,96,9704,9486.5,125469,1400.3586,0.04515,0.975345,0.981246,1.060741,1.011153,,
2025-10-29,96,96,96,96,9093,9048,104994,1201.1404,0.04535,0.908056,0.907925,1.061259,0.980168,,
2025-10-30,96,96,96,96,8408,8408,99772.5,1189.5719,0.04625,0.881399,0.934029,1.060754,0.925799,,
2025-10-31,96,96,96,96,8744.5,7968.5,97328.5,1121.7244,0.0447,0.879509,0.89322,0.936464,0.85361,,
2025-11-01,96,96,96,96,9488.5,9286,105585.5,1318.5106,0.04575,0.983701,0.966052,1.090361,0.942274,,
2025-11-02,96,96,96,96,14214.5,13196,155929.5,1672.2746,0.0459,1.174855,1.211063,1.290378,1.320581,,
2025-11-03,96,96,96,96,11143.5,10981,133759.5,1313.8531,0.04305,0.975963,0.995977,1.114316,0.999145,,
2025-11-04,96,96,96,96,11622,11179,117705.5,1442.65435,0.0449,0.929238,0.948432,1.091805,0.939009,,
2025-11-05,96,96,96,96,11353.5,10607.5,120094.5,1354.19585,0.0455,0.900816,0.907819,1.152899,0.973067,,
2025-11-06,96,96,96,96,10057,9482.5,104537.5,1405.35835,0.04465,0.893579,0.909912,1.08977,0.921445,,
2025-11-07,96,96,96,96,9302.5,8321.5,102613,1289.3214,0.0439,0.884902,0.88911,1.047939,0.946747,,
2025-11-08,96,96,96,96,10730.5,10168.5,100938,1363.0087,0.0449,0.986274,0.992298,1.058078,0.980092,,
2025-11-09,96,96,96,96,14552.5,13840,159593.5,1755.41305,0.04655,1.073202,1.06792,1.195615,1.081424,,
2025-11-10,96,96,96,96,11886.5,11218,120162.5,1634.46425,0.0444,0.964849,0.979496,1.137277,0.99655,,
2025-11-11,96,96,96,96,11898.5,11678.5,140261.5,1795.1164,0.0455,0.976326,0.913351,1.161497,1.021112,,
2025-11-12,96,96,96,96,9766,8973,109000,1309.99685,0.0443,0.865101,0.828218,1.009048,0.906035,,
2025-11-13,96,96,96,96,8654,8200.5,101390.5,1291.90305,0.0446,0.829672,0.826661,0.951528,0.915429,,
2025-11-14,96,96,96,96,11468.5,9937,96834.5,1200.20405,0.04575,0.893485,0.900802,1.019843,0.944026,,
2025-11-15,96,96,96,96,11620,9579,102696.5,1240.62305,0.0451,0.884,0.910582,1.049524,0.996919,,
2025-11-16,96,96,96,96,12149.5,11456.5,136794,1300.64935,0.0451,0.954479,0.993805,1.074161,1.116111,,
2025-11-17,96,96,96,96,12681,10949.5,134257.5,1277.0103,0.04455,0.966596,0.95651,1.070974,1.000402,,
2025-11-18,96,96,96,96,12929,10724.5,120647,1690.01675,0.04605,0.927537,0.92539,1.098418,0.944436,,
2025-11-19,96,96,96,96,11907.5,10245.5,130924.5,1415.0724,0.0436,0.849892,0.879191,1.001671,0.863012,,
2025-11-20,96,96,96,96,11111,10282.5,108214,1290.9829,0.04375,0.910675,0.86494,0.971093,0.877482,,
2025-11-21,96,96,96,96,12542,11704,116589,1355.48875,0.04365,0.921209,0.909848,1.001528,0.888977,,
2025-11-22,97,97,97,97,11905,11427,126360,1609.9123,0.0462,1.024398,1.002566,1.091367,1.003405,,
2025-11-23,96,96,96,96,14250,13468,143934,1975.00705,0.04485,1.065531,1.071314,1.116651,1.135177,,
2025-11-24,97,97,97,97,11587,11313,131093,1675.7917,0.0448,0.95281,0.911392,1.039718,0.964378,,
2025-11-25,97,97,97,97,10071,9946,122616,1458.8417,0.0438,0.880972,0.903013,1.024638,0.954143,,
2025-11-26,96,96,96,96,10048,9360.5,114812.5,1282.69045,0.04305,0.821087,0.847537,0.942143,0.882111,,
2025-11-27,97,97,97,97,9060,8835,101541,1160.6187,0.0434,0.744365,0.758413,0.879689,0.8269,,
2025-11-28,96,96,96,96,10241.5,9465,113248,1458.4922,0.0448,0.819517,0.885112,0.940346,0.93476,,
2025-11-29,96,96,96,96,10203,9846.5,111318,1465.53355,0.04455,0.90188,0.934004,1.066429,1.015386,,
2025-11-30,96,96,96,96,15201,13192,131324.5,1680.42415,0.0458,1.038522,1.057553,1.134674,1.114554,,
2025-12-01,96,96,96,96,12614,10593,124519.5,1507.6734,0.0443,0.850765,0.855915,1.023257,0.880467,,
2025-12-02,96,96,96,96,11614.5,11253.5,128229,1556.1176,0.0444,0.889334,0.915354,1.059498,1.009731,,
2025-12-03,96,96,96,96,9991.5,9927.5,118050,1463.7355,0.045,0.871716,0.877015,1.026477,0.8994,,
2025-12-04,96,96,96,96,9518,9188,103395.5,1304.26755,0.0439,0.85035,0.880946,0.938336,0.871233,,
2025-12-05,96,96,96,96,9974.5,9812,110790,1268.88785,0.0451,0.866902,0.863218,1.018893,0.88918,,
2025-12-06,96,96,96,96,10360,10301.5,118413.5,1427.2265,0.0459,0.921469,0.960043,1.040949,1.005816,,
2025-12-07,96,96,96,96,12588,11467.5,136982.5,1659.6522,0.0462,1.057699,1.058964,1.196751,1.178218,,
2025-12-08,96,96,96,96,10062,9979,123160.5,1593.63305,0.04535,0.938683,0.972392,1.095173,1.053581,,
2025-12-09,96,96,96,96,11084,10179.5,119578,1509.4991,0.04485,0.932604,0.959412,1.080419,1.025259,,
2025-12-10,96,96,96,96,11705,10883.5,119709,1622.053,0.04585,0.920516,0.944381,1.015961,1.043628,,
2025-12-11,96,96,96,96,10500.5,10382.5,122110.5,1543.9422,0.04595,0.958392,0.988774,1.056738,1.00347,,
2025-12-12,96,96,96,96,11632.5,11588.5,124425,1612.02905,0.04555,0.936536,0.956473,0.996612,0.965014,,
2025-12-13,96,96,96,96,11815,11298,133370,1744.7606,0.04675,1.017879,1.050356,1.068579,1.051122,,
2025-12-14,96,96,96,96,17684,16688,171701,2189.0544,0.046,1.124024,1.15354,1.273655,1.158963,,
2025-12-15,96,96,96,96,14601,14301.5,148435.5,1786.5883,0.0448,1.019703,1.057558,1.19901,1.060847,,
2025-12-16,96,96,96,96,13242,12370,141902.5,1666.82855,0.0467,0.991007,0.974196,1.16648,0.986349,,
2025-12-17,96,96,96,96,12051.5,11116,127090.5,1740.263,0.046,0.892474,0.889278,0.999217,0.864538,,
2025-12-18,96,96,96,96,10766,9939,115917,1645.55505,0.0457,0.915334,0.882984,0.987494,0.875969,,
2025-12-19,96,96,96,96,11083,10651.5,116021.5,1576.41635,0.04585,0.97303,0.950007,1.006939,0.955613,,
2025-12-20,96,96,96,96,10346,10229,115513.5,1624.0745,0.04655,1.029879,1.056447,1.029325,1.034736,,
2025-12-21,96,96,96,96,15124,14434.5,140790.5,2023.8968,0.04725,1.185586,1.164846,1.194071,1.183083,,
2025-12-22,96,96,96,96,13026.5,12370.5,128672.5,1722.63145,0.0479,1.059499,1.040171,1.121489,1.072883,,
2025-12-23,96,96,96,96,11302.5,11112.5,130067,1770.48585,0.04665,1.072291,1.038182,1.143475,1.052133,,
2025-12-24,96,96,96,96,9474,9331.5,107946.5,1463.4573,0.0462,0.922659,0.882009,0.937598,0.898116,,
2025-12-25,96,96,96,96,12536.5,11618,115827.5,1314.98065,0.0443,0.975502,0.936442,0.993738,0.863216,,
2025-12-26,96,96,96,96,13419.5,12498.5,143262,1911.51595,0.0466,1.050107,1.062603,1.13006,1.031853,,
2025-12-27,96,96,96,96,12006.5,11401,133997,1623.1837,0.0462,1.104485,1.070621,1.170936,1.100046,,
2025-12-28,97,97,97,97,14623,14623,148908,1997.6815,0.0461,1.24712,1.245025,1.369423,1.280058,,
2025-12-29,97,97,97,97,13817,13431,168189,1870.5113,0.0464,1.127383,1.146182,1.232909,1.166332,,
2025-12-30,97,97,97,97,12615,12270,138544,1650.1025,0.0474,1.028643,1.064647,1.231821,1.164983,,
2025-12-31,97,97,97,97,10461,10405,123282,1402.4022,0.0459,0.870749,0.924601,1.148639,0.99024,,
2026-01-01,97,97,97,97,13016,12943,144109,1624.8845,0.0471,1.14432,1.146584,1.287804,1.249167,,
2026-01-02,97,97,97,97,11783,11684,147959,1474.6424,0.0461,1.067237,1.097097,1.174304,1.158511,,
2026-01-03,97,97,97,97,12294,12231,134523,1708.4119,0.0459,1.056,1.077077,1.143295,1.131284,,
2026-01-04,97,97,97,97,15089,14959,164989,1858.3555,0.0456,1.189861,1.189189,1.240503,1.249927,,
2026-01-05,97,97,97,97,12008,11050,141677,1801.0918,0.0464,1.063997,1.048351,1.089477,1.087971,,
2026-01-06,97,97,97,97,10931,10520,132484,1608.4738,0.0478,1.037337,1.044152,1.053253,1.040193,,
2026-01-07,97,97,97,97,10030,9321,118556,1512.2735,0.0473,0.939183,0.966984,0.979833,0.942805,,
2026-01-08,97,97,97,97,9997,9603,126968,1423.2306,0.046,0.916207,0.942039,1.029568,0.9209,,
2026-01-09,97,97,97,97,11289,9704,126480,1659.2564,0.0454,0.920692,0.913876,0.928823,0.910891,,
2026-01-10,97,97,97,97,11863,11750,132338,1482.7611,0.0478,0.988559,0.981077,1.022422,0.946941,,
2026-01-11,97,97,97,97,14154,14087,164802,1838.5629,0.0482,1.028247,1.069253,1.086979,0.979594,,
2026-01-12,97,97,97,97,10859,10057,126457,1479.965,0.0474,0.904745,0.906129,0.969125,0.87668,,
2026-01-13,97,97,97,97,12081,10498,127232,1476.8146,0.0485,0.955379,0.947427,1.00212,0.990301,,
2026-01-14,97,97,97,97,13095,10807,129705,1785.3058,0.0465,0.950107,0.945625,0.963599,0.995833,,
2026-01-15,97,97,97,97,11184,10928,128552,1516.3496,0.045,0.887529,0.907244,0.890217,0.992801,,
2026-01-16,97,97,97,97,10596,10192,124256,1362.2348,0.0456,0.853273,0.912765,0.926102,0.969263,,
2026-01-17,97,97,97,97,11205,11090,137913,2017.2237,0.0468,1.070781,1.068087,1.099705,1.164272,,
2026-01-18,97,97,97,97,15440,14160,156556,2444.4097,0.0488,1.166286,1.16699,1.332953,1.263347,,
2026-01-19,97,97,97,97,13445,12932,150855,2185.0968,0.048,1.136426,1.12461,1.233859,1.18693,,
2026-01-20,97,97,97,97,13299,11761,150088,2015.0673,0.0479,1.073018,1.101819,1.223172,1.097871,,
2026-01-21,97,97,97,97,11603,11024,151488,1841.7844,0.0467,1.035682,1.032934,1.091043,1.120859,,
2026-01-22,97,97,97,97,11373,11249,135640,1562.9681,0.0462,1.008335,1.027195,1.106187,0.984374,,
2026-01-23,97,97,97,97,12165,11766,132081,1711.1491,0.0456,0.951157,0.970694,1.066385,1.027624,,
2026-01-24,97,97,97,97,13054,12969,151975,1885.0615,0.0466,1.122046,1.115376,1.239168,1.074246,,
2026-01-25,97,97,97,97,16523,16065,180532,2346.1243,0.0463,1.187582,1.199711,1.284961,1.249952,,
2026-01-26,97,97,97,97,13222,12881,138357,1790.7399,0.046,0.980368,0.989017,1.151466,1.104346,,
2026-01-27,97,97,97,97,12640,12426,138363,1785.0775,0.0485,1.028435,1.00053,1.069231,1.09127,,
2026-01-28,97,97,97,97,12951,11521,140020,1614.6464,0.047,0.968415,0.952914,0.997647,1.035576,,
2026-01-29,97,97,97,97,10589,10487,122651,1510.7571,0.0462,0.862131,0.860009,0.934395,0.879949,,
2026-01-30,97,97,97,97,10080,9759,105970,1436.7201,0.0455,0.819672,0.819356,0.903511,0.896575,,
2026-01-31,97,97,97,97,12371,11979,144151,1684.0047,0.0474,0.891786,0.897774,1.046419,1.000147,,
2026-02-01,97,97,97,97,16364,15572,153185,2408.3934,0.0481,1.178387,1.177902,1.22401,1.201584,,
2026-02-02,97,97,97,97,11790,11577,137507,1929.9443,0.048,0.936914,0.946281,1.103689,1.021103,,
2026-02-03,97,97,97,97,11636,10728,127762,1647.9703,0.0481,0.942207,0.95645,1.052112,1.03989,,
2026-02-04,97,97,97,97,10173,9820,116618,1520.6242,0.0478,0.941021,0.947523,1.014504,0.96509,,
2026-02-05,97,97,97,97,11567,10937,120099,1445.4605,0.0471,0.96041,0.947619,0.957049,0.877992,,
2026-02-06,97,97,97,97,11047,10478,116015,1694.189,0.0478,0.926641,0.914551,0.923789,0.918146,,
2026-02-07,97,97,97,97,13283,11926,135096,1772.6088,0.0483,1.109126,1.094736,1.100036,1.149678,,
2026-02-08,97,97,97,97,13841,13680,138316,1879.3093,0.0478,1.166488,1.14976,1.139926,1.212667,,
2026-02-09,97,97,97,97,12314,12040,136186,1879.9698,0.0469,0.981839,0.996408,1.042061,0.998572,,
2026-02-10,97,97,97,97,12094,11317,134008,1815.5008,0.0468,0.929542,0.933349,1.007304,1.075753,,
2026-02-11,97,97,97,97,9899,9754,120446,1512.2745,0.0469,0.858177,0.889841,0.979234,0.909986,,
2026-02-12,97,97,97,97,10715,9799,121225,1326.6665,0.0464,0.878936,0.845389,0.934568,0.909507,,
2026-02-13,97,97,97,97,10469,10336,109732,1583.3179,0.048,0.94033,0.939305,0.905122,0.887587,,
2026-02-14,97,97,97,97,11396,11102,125724,1555.7014,0.0479,1.092183,1.041519,0.98219,0.958863,,
2026-02-15,97,97,97,97,16937,15299,149154,2387.5747,0.0494,1.20229,1.21224,1.167815,1.319527,,
2026-02-16,97,97,97,97,12208,12208,124901,1761.1419,0.0491,1.102999,1.11164,1.130616,1.203494,,
2026-02-17,97,97,97,97,12182,11027,115203,1503.4336,0.0485,1.01586,1.047617,1.105418,0.998424,,
2026-02-18,97,97,97,97,11110,10349,117280,1483.8866,0.0471,1.022268,1.003516,1.009654,0.950322,,
2026-02-19,97,97,97,97,10914,9983,110122,1432.2539,0.0461,0.886829,0.894623,0.907385,0.836262,,
2026-02-20,97,97,97,97,11091,10935,119398,1409.9651,0.0462,0.937277,0.928287,0.867601,0.838954,,
2026-02-21,97,97,97,97,10829,10829,125520,1786.0318,0.0477,1.027163,1.02423,0.958156,1.036377,,
2026-02-22,97,97,97,97,15174,14768,156194,2121.2421,0.0487,1.126059,1.116797,1.113537,1.17844,,
2026-02-23,97,97,97,97,12131,11189,125295,1603.0019,0.0472,0.94856,0.925837,0.970146,1.000324,,
2026-02-24,97,97,97,97,11328,9719,123407,1559.2034,0.0478,0.935896,0.927841,0.973353,0.96547,,
2026-02-25,98,98,98,98,10941,10374.5,118623,1495.9269,0.04665,0.86441,0.873788,0.928493,0.926682,,
2026-02-26,98,98,98,98,11851,10682.5,107170.5,1339.1504,0.04715,0.929374,0.930383,0.92016,0.935391,,
2026-02-27,98,98,98,98,11909,11514.5,115539.5,1414.5046,0.04645,0.894145,0.926217,0.914464,0.863407,,
2026-02-28,98,98,98,98,12342,11058,126751.5,1612.2273,0.04895,0.943509,0.946155,1.009865,1.038288,,
2026-03-01,98,98,98,98,13528,12688.5,139740.5,1894.56455,0.0491,1.113587,1.127222,1.151154,1.201131,,
2026-03-02,99,99,99,99,10553,10552,121065,1733.1409,0.047,0.849505,0.925093,1.01776,1.011383,,
2026-03-03,99,99,99,99,10274,10118,112377,1384.4182,0.0459,0.927299,0.957091,1.015671,0.994113,,
2026-03-04,99,99,99,99,10437,9744,102520,1266.6387,0.0457,0.820557,0.848535,0.879065,0.864663,,
2026-03-05,99,99,99,99,9803,9038,105258,1150.5625,0.0448,0.828298,0.86753,0.846964,0.851035,,
2026-03-06,99,99,99,99,8990,8598,110251,1097.3046,0.0456,0.8,0.826069,0.831845,0.893984,,
2026-03-07,99,99,99,99,9920,9847,109548,1339.9488,0.0472,0.852847,0.871126,0.889668,0.972345,,
2026-03-08,99,99,99,99,15325,14682,133337,2029.4249,0.0484,1.070357,1.159322,1.051524,1.042813,,
2026-03-09,99,99,99,99,12210,12210,121779,1877.2705,0.0481,0.986065,0.941643,1.000429,1.008075,,
2026-03-10,99,99,99,99,14884,11236,114921,1730.8049,0.0473,0.933989,0.998492,1.010218,0.932043,,
2026-03-11,99,99,99,99,14088,13845,132965,1970.548,0.047,0.926131,0.95371,0.942458,0.95378,,
2026-03-12,99,99,99,99,11717,10862,123497,1789.4337,0.0475,0.859171,0.867355,0.877584,0.926821,,
2026-03-13,99,99,99,99,11732,10674,115489,1491.9248,0.0462,0.855633,0.84532,0.817396,0.85646,,
2026-03-14,99,99,99,99,12450,11414,117766,1785.3672,0.0467,0.988036,0.943117,0.966069,1.048675,,
2026-03-15,99,99,99,99,13727,12450,142312,2141.4476,0.0482,1.103315,1.136911,1.123749,1.257855,,
2026-03-16,98,98,98,98,11560.5,10956,123912,1709.58445,0.04795,0.993583,1.008631,1.0463,1.144753,,
2026-03-17,98,98,98,98,11517,10275,111482.5,1735.947,0.04865,0.926724,0.975483,1.050462,1.128059,,
2026-03-18,98,98,98,98,11471.5,10092,112835.5,1767.515,0.04775,0.861529,0.899561,0.972533,1.060004,,
2026-03-19,98,98,98,98,9431,9204.5,97197.5,1322.3892,0.0469,0.800699,0.823087,0.852409,0.935721,,
2026-03-20,98,98,98,98,11199,9317.5,99519,1256.97095,0.0466,0.797357,0.77546,0.776475,0.857641,,
2026-03-21,98,98,98,98,11414,10606.5,105024.5,1266.93175,0.0472,0.867043,0.840882,0.851014,0.970022,,
2026-03-22,99,99,99,98,14533,13287,125285,1751.0363,0.0482,1.132275,1.110352,1.059004,1.130938,,
2026-03-23,98,98,98,98,12247.5,10995,124762.5,1450.95475,0.0466,0.915212,0.955226,1.007042,0.94475,,
2026-03-24,98,98,98,98,12949.5,11707.5,112709,1551.47825,0.04725,1.121475,1.139471,1.029728,1.05262,,
2026-03-25,98,98,98,98,10445.5,9772.5,112025,1525.79575,0.04725,0.993851,1.00089,0.934452,1.008563,,
2026-03-26,98,98,98,98,9920.5,9233.5,105963,1310.58265,0.04715,0.931625,0.958442,0.913562,0.946127,,
2026-03-27,98,98,98,98,9073,9016.5,99364,1244.8295,0.04585,0.848414,0.891812,0.875056,0.888244,,
2026-03-28,99,99,99,98,9786,9316,104239,1343.7776,0.0458,0.915843,0.916417,0.908577,0.981361,,
2026-03-29,98,98,98,98,15801.5,15347,149385,1883.5927,0.0492,1.097098,1.099526,1.08143,1.128592,,
2026-03-30,98,98,98,98,12973.5,12077.5,122497,1514.46185,0.0475,0.983066,0.974897,1.011149,0.948963,,
2026-03-31,98,98,98,98,12655,12247,130953,1841.5455,0.04675,1.003605,0.992633,1.115542,1.01835,,
2026-04-01,99,99,99,99,10552,10378,118252,1557.437,0.0448,0.947237,0.932705,1.004274,0.953837,,
2026-04-02,98,98,98,98,9393.5,9142,107219.5,1436.12135,0.0449,0.941257,0.922477,1.013095,0.96014,,
2026-04-03,98,98,98,98,11619.5,10523,117855,1626.1817,0.04495,0.964551,0.961997,0.958256,0.94832,,
2026-04-04,98,98,98,98,11499,10698.5,118707.5,1700.80805,0.04475,1.033413,1.032363,1.008261,1.053508,,
2026-04-05,98,98,98,98,12422,11948,125356,1586.19485,0.046,1.08594,1.083184,1.044813,1.105655,,
2026-04-06,98,98,98,98,11184.5,10800.5,114134,1497.0922,0.0469,0.989555,0.996702,0.992692,1.11117,,
2026-04-07,99,99,99,98,10711,9800,110701,1284.7785,0.04855,0.990762,0.98147,0.985304,1.040394,,
2026-04-08,98,98,98,98,10720.5,9862,112995.5,1200.3909,0.0477,0.923349,0.906454,0.914892,1.039968,,
2026-04-09,99,99,99,99,9904,9158,97965,1290.0843,0.0479,0.945165,0.883863,0.892448,0.942296,,
2026-04-10,98,98,98,98,10237,9810,103351.5,1321.8884,0.04585,0.914432,0.93421,0.916986,0.98822,,
2026-04-11,98,98,98,98,10180.5,9616,116648.5,1232.0769,0.0461,0.938122,0.943061,0.92671,0.958198,,
2026-04-12,98,98,98,98,13942.5,12764.5,133928.5,1890.6811,0.04765,1.130657,1.117893,1.120021,1.176308,,
2026-04-13,98,98,98,98,11689,11090.5,109067,1461.35585,0.04795,0.96409,0.976155,1.011107,1.062667,,
2026-04-14,98,98,98,98,12163,10868,106476,1337.32515,0.0502,0.95708,0.95966,0.941213,1.015846,,
2026-04-15,98,98,98,98,11928,11225.5,114841,1503.5861,0.04675,0.923427,0.967574,0.939922,0.957656,,
2026-04-16,99,99,99,99,9489,9253,106396,1178.1535,0.0473,0.863814,0.867481,0.833578,0.937673,,
2026-04-17,98,98,98,98,10165.5,9485,104443.5,1192.84235,0.04645,0.837022,0.826651,0.814991,0.885983,,
2026-04-18,99,99,99,98,11833,10528,117387,1348.3456,0.0467,1.005715,0.996284,0.944768,0.97205,,
2026-04-19,98,98,98,98,14054,13379.5,145434.5,1802.56515,0.0487,1.156497,1.088464,1.14779,1.166929,,
2026-04-20,99,99,99,98,12255,11797,133176,1530.8559,0.04745,0.991018,0.999855,1.007412,1.001192,,
2026-04-21,98,98,98,98,13235.5,12807.5,119084.5,1526.3358,0.0475,0.9583,0.974272,0.963232,1.010535,,
2026-04-22,98,98,98,98,12523,11781.5,116964,1329.894,0.0477,0.894093,0.901255,0.902028,0.886827,,
2026-04-23,98,98,98,98,11422,10651,107704,1220.0418,0.04745,0.907877,0.904056,0.888417,0.893193,,
2026-04-24,98,98,98,98,10956.5,10298.5,103658,1201.07355,0.04665,0.889734,0.909817,0.879826,0.868472,,
2026-04-25,98,98,98,98,11745,11065.5,118041,1300.4175,0.0481,1.058976,1.115992,1.015106,1.150669,,
2026-04-26,98,98,98,98,16366,16348,144070.5,2478.15565,0.052,1.363268,1.351514,1.232626,1.422059,,
2026-04-27,99,99,99,99,13150,12423,124866,1448.8094,0.0494,1.073376,1.072395,1.104439,1.222363,,
2026-04-28,98,98,98,98,12197.5,11026.5,119373.5,1483.31835,0.0465,1.125838,1.094567,1.093764,1.175409,,
2026-04-29,98,98,98,98,12511.5,10216.5,107610,1189.68795,0.04645,0.985381,0.969524,0.983355,0.965999,,
2026-04-30,98,98,98,98,13054.5,11895.5,107149,1240.6056,0.04755,0.969489,0.982127,0.913625,0.982598,,
2026-05-01,98,98,98,98,11954.5,10464,103744.5,1416.21905,0.04795,0.95322,0.935165,0.926358,0.946859,,
2026-05-02,98,98,98,98,11247,10380,101042.5,1292.13455,0.04805,0.978066,0.967341,0.948774,0.948057,,
2026-05-03,98,98,98,98,16572.5,15367,137583.5,2261.6118,0.04925,1.120691,1.122724,1.033097,1.178894,,
2026-05-04,98,98,98,98,13671.5,12683.5,127179.5,1727.75505,0.04725,0.983598,1.0099,0.93356,1.092721,,
2026-05-05,98,98,98,98,12125.5,11381,114079,1520.9698,0.0483,0.983856,0.944197,0.921286,0.97285,,
2026-05-06,99,99,99,99,12951,12212,122810,1491.6959,0.0477,0.950925,0.945914,0.959186,0.979196,,
2026-05-07,98,98,98,98,13385.5,11454,124561,1440.9999,0.04605,0.970872,0.991575,1.038485,1.084057,,
2026-05-08,98,98,98,98,12391,10779.5,121981,1248.1381,0.04745,1.030067,1.017838,1.085875,1.080389,,
2026-05-09,98,98,98,98,12176,11104,118708.5,1319.9037,0.04665,0.985526,0.994527,1.064857,1.119529,,
2026-05-10,99,99,99,98,17308,15408,133956,1666.3366,0.0495,1.205921,1.20915,1.141193,1.289888,,
2026-05-11,98,98,98,98,15796,14714,144081,1487.46645,0.04735,1.116557,1.093345,1.129871,1.152272,,
2026-05-12,98,98,98,98,13294,12774,139026,1438.4224,0.04735,1.082365,1.039729,1.108766,1.060956,,
2026-05-13,98,98,98,98,12987.5,12506.5,129621,1557.8626,0.0472,1.015285,1.057553,1.03245,1.025323,,
2026-05-14,98,98,98,98,13618,12118.5,139226,1324.61645,0.04605,1.076853,1.0478,1.092733,1.050921,,
2026-05-15,98,98,98,98,14664,12657,132742,1241.75175,0.04635,1.06658,1.075433,1.120295,0.960462,,
2026-05-16,98,98,98,98,11692.5,10814,122786.5,1244.77905,0.04585,1.002342,0.999241,1.05942,1.008815,,
2026-05-17,98,98,98,98,15096,13112.5,151486.5,1815.47825,0.048,1.160623,1.097999,1.153939,1.134847,,
2026-05-18,98,98,98,98,14375,12485,130469,1459.0123,0.0458,0.992271,0.991779,1.058412,0.950703,,
2026-05-19,98,98,98,98,12855,11404,129751,1360.39175,0.04555,0.98697,0.983581,1.061209,0.957147,,
2026-05-20,98,98,98,98,13095.5,11477,132436.5,1424.5443,0.04565,0.943639,0.936999,1.009938,0.882656,,
2026-05-21,98,98,98,98,13072.5,11271.5,127319.5,1183.9653,0.0462,0.92587,0.89985,0.979012,0.915306,,
2026-05-22,98,98,98,98,14429.5,11901.5,116713,1359.6901,0.0468,0.961736,0.939363,0.977848,0.949368,,
2026-05-23,98,98,98,98,15075,13608,131856.5,1447.63685,0.04855,1.072123,1.097335,1.052103,1.065928,,
2026-05-24,98,98,98,98,17291.5,15687.5,145090.5,2146.83525,0.0489,1.290813,1.321122,1.152413,1.148495,,
2026-05-25,98,98,98,98,15771.5,13957,144645.5,2127.96495,0.04805,1.216896,1.226549,1.17688,1.189226,,
2026-05-26,98,98,98,98,13021,12806,135205,1805.44705,0.0474,1.132846,1.142069,1.197624,1.190407,,
2026-05-27,99,99,99,99,13891,12551,130226,1681.7274,0.0487,1.096725,1.106292,1.117449,1.140636,,
2026-05-28,100,100,100,100,12919.5,12240,119079.5,1451.0101,0.047,1.009611,1.008897,0.992779,0.975468,,
2026-05-29,99,99,99,99,14157,12771,119190,1431.5776,0.0461,0.982549,0.980465,0.993639,0.97473,,
2026-05-30,99,99,99,99,14796,13088,123702,1505.6171,0.0487,1.114754,1.119867,1.017517,1.045462,,
2026-05-31,99,99,99,99,17491,16326,154078,2114.9345,0.0503,1.297273,1.268675,1.252504,1.177006,,
2026-06-01,99,99,99,99,13605,12931,137621,1660.7126,0.0495,1.093905,1.084326,1.178615,1.122599,,
2026-06-02,99,99,99,99,12057,11346,126159,1608.5429,0.0521,1.079997,1.129032,1.11641,1.052817,,
2026-06-03,100,100,100,100,11096,10515.5,118734,1229.06875,0.0494,0.939084,0.974392,1.033847,1.015689,,
2026-06-04,99,99,99,99,11146,9916,112729,1129.4525,0.0486,1,0.995014,1.022566,1.002788,,
2026-06-05,99,99,99,99,13106,11956,113942,1255.7715,0.0489,1.005093,1.013559,1.075927,1.020187,,
2026-06-06,100,100,100,100,11788.5,11205,121988.5,1337.4863,0.0485,0.966661,0.979155,1.034639,0.998841,,
2026-06-07,100,100,100,99,14616,13394,147605.5,1837.5602,0.0495,1.192115,1.20018,1.271126,1.189215,,
2026-06-08,99,99,99,99,12348,11596,135468,1486.8649,0.0489,1.088542,1.069767,1.08984,1.027733,,
2026-06-09,99,99,99,99,13829,12141,131936,2087.0321,0.0498,1.090356,1.073874,1.131847,1.049902,,
2026-06-10,99,99,99,99,11790,10688,117474,1491.2888,0.048,0.95898,0.957604,1.037055,0.934992,,
2026-06-11,99,99,99,99,11226,10003,112554,1282.9271,0.0476,0.961973,0.963438,0.974176,0.966096,,
2026-06-12,99,99,99,99,13423,12708,114474,1308.2484,0.0485,0.974595,0.989524,1.005811,0.936889,,
2026-06-13,99,99,99,99,14087,12150,128021,1363.6441,0.0472,1.071661,1.015118,1.040136,0.954704,,
2026-06-14,99,99,99,99,17887,14922,143674,1780.78,0.0493,1.238684,1.224928,1.142693,1.103987,,
2026-06-15,99,99,99,99,16128,15065,135503,1726.0462,0.0493,1.029642,1.058224,1.114663,1.056795,,
2026-06-16,99,99,99,99,15231,13871,145957,1953.4894,0.05,1.110821,1.118318,1.184521,1.1223,,
2026-06-17,100,100,100,99,14020,13132,114952,1415.358,0.0497,0.979732,1.000232,1.056819,0.986942,,
2026-06-18,99,99,99,99,13150,10612,113736,1310.2164,0.0501,0.926539,0.938071,0.978428,0.932193,,
2026-06-19,99,99,99,99,12479,11127,116179,1452.7848,0.0499,0.956078,0.940438,0.967409,0.931425,,
2026-06-20,99,99,99,99,12209,10019,117072,1389.0591,0.049,0.949832,0.957477,0.967795,1.01256,,
2026-06-21,99,99,99,99,15215,13731,147103,1895.6538,0.0513,1.073312,1.139155,1.132299,1.177859,,
2026-06-22,99,99,99,99,17034,14522,139642,1835.6231,0.0503,1.060026,1.081699,1.154727,1.122746,,
2026-06-23,99,99,99,99,15060,13984,138986,1814.2468,0.0512,1.107621,1.082037,1.164499,1.205914,,
2026-06-24,99,99,99,99,13468,12942,141221,1591.0179,0.0513,1.013256,1.018343,1.061096,1.182163,,
2026-06-25,99,99,99,99,13039,11914,118276,1442.5408,0.0506,0.980232,1.031774,1.038169,1.06289,,
2026-06-26,99,99,99,99,13232,12555,110468,1366.1051,0.0498,0.965787,0.990508,1.017974,0.985817,,
2026-06-27,99,99,99,99,12648,10766,116344,1350.9217,0.0501,0.999071,1.046429,1.036987,1.079942,,
2026-06-28,99,99,99,99,19405,16116,185503,2317.5742,0.0519,1.19443,1.214792,1.271121,1.294784,,
2026-06-29,99,99,99,99,16098,15393,149470,2194.1469,0.0499,1.079443,1.132987,1.161827,1.156191,,
2026-06-30,99,99,99,99,17825,17335,152855,2623.9171,0.05,1.227996,1.153762,1.233481,1.258583,,
2026-07-01,99,99,99,99,13570,12624,122145,1814.1155,0.0503,1.043206,1.040451,1.049496,1.098592,,
2026-07-02,100,100,100,100,12475,10714.5,114113,1350.2637,0.04985,1.008322,1.004256,1.036348,1.069976,,
2026-07-03,99,99,99,99,13450,12429,110968,1523.9235,0.0502,0.983277,0.997269,1.001526,1.035496,,
2026-07-04,99,99,99,99,12747,11232,105911,1441.6597,0.0496,0.968115,0.96197,0.957626,0.995801,,
2026-07-05,99,99,99,99,18311,17392,141792,2136.4138,0.0511,1.153486,1.148746,1.093293,1.187489,,
2026-07-06,99,99,99,99,16809,14442,122719,1941.5598,0.0489,1.047938,1.049775,1.033756,1.07573,,
2026-07-07,100,100,100,99,14667,13969.5,115328.5,1631.27745,0.0508,1.060197,1.022756,1.04476,1.080092,,
2026-07-08,99,99,99,99,13082,12916,117682,1580.9059,0.0508,1.052374,1.052374,1.124716,1.053324,,
2026-07-09,100,100,100,100,11712,9550.5,101914.5,1307.8609,0.0507,1.007765,0.990275,1.007896,1.027289,,
2026-07-10,99,99,99,99,11730,11269,108708,1434.6448,0.0499,0.989914,0.96934,1.005461,1.005266,,
2026-07-11,99,99,99,99,11660,10535,102906,1314.7513,0.0489,0.9898,0.96467,1.021964,1.024305,,
2026-07-12,99,99,99,99,18872,15222,156619,1822.7418,0.05,1.140489,1.141073,1.12695,1.149134,,
2026-07-13,99,99,99,99,15635,13343,129679,1418.9861,0.0507,1.015605,0.993614,0.990942,0.990244,,
2026-07-14,99,99,99,99,14014,12619,124077,1665.8024,0.0497,1.114754,1.091793,1.098358,1.099525,,
2026-07-15,99,99,99,99,11298,10709,107173,1364.7651,0.0486,1.021083,1.003001,1.023152,1.041055,,
2026-07-16,100,100,100,100,10548,10376,102403.5,1225.68235,0.04945,1.013067,0.99973,1.050436,1.021433,,
2026-07-17,99,99,99,99,11887,9943,96791,1248.2768,0.0501,0.982473,0.983081,0.97725,0.905931,,
2026-07-18,99,99,99,99,10921,10714,100036,1230.1085,0.0493,1.00734,0.996362,0.984577,1.010563,,
2026-07-19,99,99,99,99,16564,14787,137440,2130.4501,0.051,1.042324,1.009637,1.111235,1.056593,,
2026-07-20,99,99,99,99,13330,12393,142389,1933.1238,0.0513,0.988512,0.993342,1.020365,1.045757,,
2026-07-21,99,99,99,99,13291,12889,117295,1779.9482,0.0497,0.973867,1.027476,1.059193,1.051388,,
2026-07-22,99,99,99,99,12785,10851,107469,1708.2405,0.0487,0.959928,0.959899,1.02992,0.988394,,
2026-07-23,100,100,100,100,10565,10005,95968,1382.3814,0.048,0.883468,0.900085,0.988872,0.948425,,
2026-07-24,99,99,99,99,11112,10578,96243,1385.2248,0.0473,0.862075,0.887138,0.948959,0.89144,,
2026-07-25,99,99,99,99,12715,11952,123128,1540.7773,0.048,0.939352,0.939927,0.989798,0.995462,,
2026-07-26,99,99,99,99,16608,15249,156889,1912.3347,0.0507,1.123056,1.100925,1.0955,1.150387,,
2026-07-27,100,100,100,100,13466.5,13392,132232,1744.1907,0.04905,1.033037,1.03506,1.090693,1.034135,,
2026-07-28,99,99,99,99,13019,12987,121127,1677.1217,0.0497,1.015781,1.005089,1.049171,1.013629,,
2026-07-29,99,99,99,99,11604,10725,115629,1410.3323,0.0497,0.964252,0.963813,0.975833,0.992761,,
2026-07-30,99,99,99,99,12122,11128,110872,1486.8868,0.0497,0.96362,0.960464,0.940828,0.951678,,
2026-07-31,100,100,100,100,12996.5,10495,107833.5,1322.97775,0.0496,0.985079,0.971329,0.962964,0.929185,,
2026-08-01,100,100,100,100,11504.5,10428,113014.5,1210.1483,0.0494,0.995543,0.9863,0.986922,0.975381,,
2026-08-02,100,100,100,100,16327,15384,142418.5,1986.38725,0.0515,1.152029,1.130517,1.100379,1.156683,,
2026-08-03,100,100,100,100,13399.5,13384,130795.5,1676.99145,0.05165,1.052209,1.029537,1.020662,1.01284,,
2026-08-04,100,100,100,100,12264.5,11560,114126.5,1579.40975,0.04995,1.025524,1.029164,1.034531,1.041683,,
2026-08-05,100,100,100,100,11608,10443.5,117343,1488.9017,0.04885,1.002881,1.002274,0.987814,0.99345,,
2026-08-06,100,100,100,100,12851,12177,116581.5,1468.5718,0.04995,1.017595,1.00604,1.008111,1.001308,,
2026-08-07,100,100,100,100,12692,12194,118843,1432.75525,0.0501,1.008734,1.008813,1.012027,0.997986,,
2026-08-08,100,100,100,100,13470,11545,116215.5,1452.2567,0.04785,1.000023,1.011929,1.025608,1.032443,,
2026-08-09,100,100,100,100,17371.5,14907.5,140834,2242.31565,0.0509,1.128886,1.129469,1.098179,1.126717,,
2026-08-10,100,100,100,100,13968.5,12844.5,127496,1674.2771,0.0506,1.025733,1.015963,1.031261,1.008855,,
2026-08-11,100,100,100,100,12854,12234,125815.5,1759.8794,0.05,1.039563,1.029084,1.038037,0.989474,,
2026-08-12,100,100,100,100,12224.5,11917.5,127846.5,1717.8946,0.04975,1.026786,1.029982,1.016434,1.004751,,
2026-08-13,100,100,100,100,12427,11684.5,110426,1663.4054,0.05,0.963769,0.979004,0.979723,0.993211,,
2026-08-14,100,100,100,100,12227.5,11918,104572,1662.2653,0.04995,0.965373,0.963821,0.932891,0.936099,,
2026-08-15,100,100,100,100,11842,11630,133070,1607.5829,0.0492,0.95123,0.963943,0.950596,0.945658,,
2026-08-16,100,100,100,100,15294.5,14780,147703.5,1825.14785,0.0511,1.042001,1.057652,1.055992,1.081901,,
2026-08-17,100,100,100,100,13497.5,12476,130616.5,1630.64415,0.0517,0.972681,0.962659,0.991987,1.006396,,
2026-08-18,100,100,100,100,13012,12549.5,131894,1576.4034,0.04955,0.99874,1.002972,1.02816,1.010401,,
2026-08-19,100,100,100,100,13629.5,12469,133456,1803.34695,0.0509,0.986423,0.993936,1.012038,0.987535,,
2026-08-20,100,100,100,100,12351,11781,119335.5,1434.5529,0.04765,0.943886,0.958338,0.984055,0.968619,,
2026-08-21,100,100,100,100,11576,11086,115093.5,1304.924,0.0484,0.888384,0.892763,0.898689,0.87469,,
2026-08-22,100,100,100,100,11027,10215.5,100544,1330.54635,0.04975,0.95755,0.959786,0.930773,0.955547,,
2026-08-23,100,100,100,100,16560,15479.5,147424,2033.7614,0.0497,1.079305,1.078766,1.018761,1.069439,,
2026-08-24,100,100,100,100,15017.5,13111,129719.5,1909.29895,0.04905,1.017351,1.023828,0.98288,1.012176,yes,
2026-08-25,100,100,100,100,15424,12403,135930,1758.92075,0.04975,0.994887,0.99358,0.98762,1.019197,,
2026-08-26,100,100,100,100,13515.5,11863,111542.5,1642.2766,0.0493,0.906585,0.908789,0.9358,0.919389,,
2026-08-27,100,100,100,100,19135.5,10699,90752,1489.17785,0.04915,1.393883,0.849919,0.853813,0.847458,,yes
2026-08-28,100,100,100,100,20350.5,11205.5,105936.5,1440.36085,0.04885,1.430271,0.849992,0.885947,0.88083,,
2026-08-29,100,100,100,100,21198,11265,116701,1430.6684,0.0495,1.494965,0.92105,0.933265,0.917714,,
2026-08-30,100,100,100,100,26126,15951.5,137263,2450.6596,0.0529,2.106768,1.305658,1.289338,1.395794,,
2026-08-31,100,100,100,100,25822.5,13561,135846.5,2225.1413,0.05355,1.94736,1.239087,1.210558,1.33168,,
2026-09-01,100,100,100,100,25422,14466,153411,2019.3119,0.05125,1.873199,1.141708,1.072279,1.164076,,
2026-09-02,100,100,100,100,25401.5,13902,139445.5,1951.1563,0.0494,1.858149,1.118601,1.065339,1.102948,,
2026-09-03,100,100,100,100,23225,12563,116468,1672.0179,0.05045,1.627656,0.980598,0.907539,0.984652,,
2026-09-04,99,99,99,99,21212,12218,110229,1437.7868,0.0499,1.552198,0.925941,0.911827,0.908816,,
2026-09-05,99,99,99,99,19487,10918,105417,1493.2818,0.0494,1.545338,0.984442,0.945556,1.039758,,
2026-09-06,99,99,99,99,24725,14502,135497,2067.1229,0.0494,1.747616,1.080351,1.096875,1.081078,,
2026-09-07,99,99,99,99,23255,13364,121700,1927.0953,0.0525,1.738461,1.069102,1.045344,1.056391,,
2026-09-08,99,99,99,99,17849,10438,105310,1496.4034,0.0503,1.647597,0.981588,0.971613,1.038452,,
2026-09-09,99,99,99,99,20101,10338,103784,1334.517,0.0487,1.590443,0.978098,0.973345,0.957371,,
2026-09-10,99,99,99,99,18981,10469,99510,1280.4454,0.0484,1.470106,0.863506,0.905868,0.918984,,
2026-09-11,99,99,99,99,19639,9989,93856,1306.4753,0.0488,1.440783,0.900568,0.879784,0.884345,,
2026-09-12,99,99,99,99,19708,10472,98006,1338.0388,0.0485,1.538529,0.975805,0.936952,0.9655,,
2026-09-13,99,99,99,99,27065,14295,141752,2088.6935,0.0508,1.847078,1.09169,1.059269,1.132025,,
2026-09-14,99,99,99,99,23982,12339,114989,1610.7091,0.049,1.570657,0.926083,0.944574,0.966013,,
2026-09-15,99,99,99,99,22727,12992,112899,1420.4833,0.0503,1.534576,0.969212,0.901186,0.996183,,
2026-09-16,99,99,99,99,17927,10121,96857,1287.6462,0.0494,1.51935,0.893811,0.849573,0.937306,,
2026-09-17,99,99,99,99,18229,10395,96035,1279.6568,0.0499,1.54419,0.839741,0.8629,0.908327,,
2026-09-18,99,99,99,99,19673,10339,102267,1209.5638,0.0488,1.404918,0.824097,0.828981,0.865608,,
2026-09-19,99,99,99,99,19784,10581,105068,1427.887,0.0497,1.612191,0.93829,0.907176,0.954042,,
2026-09-20,99,99,99,99,24979,13944,124380,2019.9847,0.0496,1.835527,1.077199,1.072643,1.103693,,
2026-09-21,99,99,99,99,19991,11041,104991,1633.5033,0.0493,1.609732,0.919522,0.944811,0.979941,,
2026-09-22,99,99,99,99,19536,10017,109783,1420.2485,0.0485,1.57537,0.917097,0.90927,0.946736,,
2026-09-23,99,99,99,99,19496,9724,101342,1257.473,0.0483,1.48242,0.873074,0.873644,0.909807,,
2026-09-24,99,99,99,99,17783,9416,85692,1141.0917,0.0486,1.44913,0.909269,0.824424,0.871456,,
